{
  "name": "real-money-earning-dashboard",
  "version": 2,
  "builds": [
    {
      "src": "production-server.js",
      "use": "@vercel/node"
    }
  ],
  "routes": [
    {
      "src": "/(.*)",
      "dest": "production-server.js"
    }
  ],
  "env": {
    "NODE_ENV": "production"
  },
  "regions": ["iad1"],
  "headers": [
    {
      "source": "/(.*)",
      "headers": [
        {
          "key": "X-Frame-Options",
          "value": "DENY"
        },
        {
          "key": "X-Content-Type-Options",
          "value": "nosniff"
        },
        {
          "key": "Referrer-Policy",
          "value": "strict-origin-when-cross-origin"
        }
      ]
    }
  ]
}